,SKU reference,Capacity,Weight,Material,Diameter,Height,Color,Shape,Finish,Units per pasteurizer,Technical drawing,Length,Width
0,004042-4,5 ml,5 grs,Plastic,"32,00 mm","17,90 mm",plastic-transparent,cylindrical,,,,,
1,008082-17,33 ml,47 grs,Glass,"43,00 mm","40,50 mm",white,cylindrical,Twist Off TO 43,306,,,
2,008082-362,35 ml,46 grs,Glass,"53,00 mm","35,00 mm",glass-white,cylindrical,Weck 40 mm,,,,
3,008081-621,40 ml,60 grs,Glass,"45,10 mm","45,60 mm",white,octogonal,Twist Off 43 Deep,,⬇ 23670,,
4,008081-625,40 ml,60 grs,Glass,"45,10 mm","47,70 mm",white,cylindrical,Twist Off 43 Deep,,⬇ 19503,,
5,008081-637,40 ml,70 grs,Glass,"42,60 mm","45,50 mm",white,square,Twist Off 43 Deep,,⬇ 17916,,
6,008082-22,41 ml,61 grs,Glass,"43,30 mm","50,40 mm",white,cylindrical,Twist Off TO 43,255,,,
7,008081-455,46 ml,80 grs,Glass,"46,50 mm","53,60 mm",white,cylindrical,PP 45,,⬇ 8430,,
8,008081-271,47 ml,60 grs,Glass,"49,00 / 43,00 mm","51,00 mm",white,hexagonal,Twist Off TO 43,85,,,
9,004046-31,50 ml,20 grs,Plastic,"65,60 mm","35,10 mm",plastic-transparent,cylindrical,TO-063-PET,,,,
10,004042-16,50 ml,31 grs,Plastic,"58,00 mm","47,00 mm",plastic-white,cylindrical,,,,,
11,008082-363,50 ml,58 grs,Glass,"67,00 / 49,00 mm","36,00 mm",glass-white,cylindrical,Weck 60 mm,,,,
12,008081-456,60 ml,78 grs,Glass,"50,00 mm","62,00 mm",white,cylindrical,Twist Off 48,,⬇ 14993,,
13,008081-457,60 ml,90 grs,Glass,"47,00 mm","67,60 mm",extrawhite,cylindrical,BG-Twist off,,⬇6,,
14,008081-578,60 ml,92 grs,Glass,"60,80 mm","41,20 mm",white,cylindrical,BG-Twist off,,⬇ 22760,,
15,008082-18,65 ml,65 grs,Glass,"56,50 mm","46,00 mm",white,cylindrical,Twist Off 48,155,,,
16,008081-604,65 ml,70 grs,Glass,"598,00 mm","33,40 mm",white,cylindrical,Twist Off TO 66,,⬇ 5397,,
17,10593,65 ml,78 grs,Glass,"41,00 mm","76,00 mm",glass-white,cylindrical,Twist Off TO 38,,,,
18,008082-31,67 ml,70 grs,Glass,"42,00 mm","77,30 mm",white,cylindrical,Twist Off TO 38,168,,,
19,008081-607,67 ml,100 grs,Glass,"60,20 mm","43,80 mm",white,cylindrical,BG-Twist off,,⬇ 15687,,
20,008081-287,67 ml,110 grs,Glass,"60,70 mm","41,50 mm",glass-white,square,Twist Off TO 58 Tall,156,⬇ 17532,,
21,008081-523,70 ml,62 grs,Glass,"53,40 mm","47,00 mm",white,cylindrical,Twist Off TO 53,,⬇ 19395,,
22,008081-384,70 ml,70 grs,Glass,"59,70 mm","36,00 mm",glass-white,cylindrical,Twist Off TO 66,,,,
23,008081-351,70 ml,80 grs,Glass,"61,25 mm","41,35 mm",glass-white,cylindrical,Twist Off TO 58 Tall,150,,,
24,008081-453,71 ml,80 grs,Glass,"50,60 mm","81,90 mm",white,cylindrical,Twist Off 43 Deep,,⬇ 15240,,
25,008082-390,75 ml,79 grs,Glass,"60,00 mm","46,00 mm",glass-white,cylindrical,Twist Off TO 58 Tall,,,,
26,10283,80 ml,120 grs,Glass,"42,00 mm","109,00 mm",glass-white,cylindrical,Screw Finished - X Grinder Special,,,,
27,008082-377,80 ml,137 grs,Glass,"60,00 mm","55,00 mm",glass-white,cylindrical,Weck 60 mm,,,,
28,008081-655,82 ml,100 grs,Glass,"42,90 mm","103,40 mm",white,cylindrical,BG-Screw,,⬇ 13884,,
29,008081-653,85 ml,90 grs,Glass,"42,00 mm","110,00 mm",white,cylindrical,BG-Screw,,⬇ 25904,,
30,008081-458,90 ml,84 grs,Glass,"49,90 mm","78,20 mm",white,cylindrical,PP 45,,⬇ 8722,,
31,008081-654,90 ml,100 grs,Glass,"42,50 mm","103,50 mm",white,cylindrical,PP 35,,⬇ 10698,,
32,008082-61,99 ml,113 grs,Glass,"46,00 mm","94,80 mm",white,cylindrical,Twist Off TO 43,92,,,
33,POCL0100CB11XXPR,100 ml,12 grs,Plastic,"50,00 mm","59,10 mm",plastic-white,,,,,,
34,POCL0100CB12XXPR,100 ml,13 grs,Plastic,"42,50 mm","86,50 mm",plastic-white,,,,,,
35,POCP0100CG28XXPP,100 ml,14 grs,Plastic,"71,50 mm","39,20 mm",plastic-black,,,,,,
36,POCP0100CA1HXXGU,100 ml,17 grs,Plastic,"47,30 mm","86,80 mm",plastic-topaz,,,,,,
37,004046-32,100 ml,20 grs,Plastic,"65,60 mm","49,90 mm",plastic-transparent,cylindrical,TO-063-PET,,,,
38,004046-34,100 ml,20 grs,Plastic,"71,60 mm","48,00 mm",plastic-transparent,cylindrical,TO-063-PET,,,,
39,004042-17,100 ml,55 grs,Plastic,"58,00 mm","55,00 mm",plastic-white,cylindrical,,,,,
40,008082-361,100 ml,101 grs,Glass,"52,00 mm","107,00 mm",glass-white,cylindrical,Weck 40 mm,,,,
41,008081-652,100 ml,128 grs,Glass,"46,00 mm","123,00 mm",white,cylindrical,BG-Screw,,⬇ 16699,,
42,008081-671,100 ml,132 grs,Glass,"66,00 mm","57,00 mm",glass-white,cylindrical,,,,,
43,008081-476,105 ml,90 grs,Glass,"64,00 mm","57,20 mm",white,cylindrical,BG-Twist off,,⬇ 19400,,
44,008082-394,105 ml,98 grs,Glass,"50,00 mm","80,00 mm",glass-white,cylindrical,Twist Off 48,,,,
45,008081-507,106 ml,90 grs,Glass,"57,30 mm","61,50 mm",white,cylindrical,BG-Twist off,,⬇ 9295,,
46,008081-609,106 ml,90 grs,Glass,"60,20 mm","56,10 mm",white,cylindrical,BG-Twist off,,⬇ 21603,,
47,008081-528,106 ml,92 grs,Glass,"51,50 mm","74,50 mm",white,cylindrical,Twist Off 48,,⬇ 17834,,
48,008082-217,106 ml,92 grs,Glass,"52,00 mm","75,00 mm",glass-white,cylindrical,Twist Off 48,,,,
49,008082-251,106 ml,96 grs,Glass,"57,00 mm","62,00 mm",glass-white,cylindrical,Twist Off TO 53,,,,
50,008081-269,106 ml,100 grs,Glass,"68,00 / 60,20 mm","55,50 mm",glass-white,hexagonal,Twist Off TO 53,68,,,
51,008081-473,106 ml,100 grs,Glass,"51,80 mm","79,00 mm",white,cylindrical,BG-Twist off,,⬇ 20085,,
52,008081-474,106 ml,100 grs,Glass,"56,10 mm","67,80 mm",white,cylindrical,BG-Twist off,,⬇ 20086,,
53,008081-623,106 ml,100 grs,Glass,"45,10 mm","98,90 mm",white,cylindrical,Twist Off 43 Deep,,⬇ 19504,,
54,008081-297,106 ml,100 grs,Glass,"62,50 mm","62,00 mm",glass-white,cylindrical,Twist Off TO 53,96,,,
55,008081-556,106 ml,105 grs,Glass,"60,20 mm","55,50 mm",white,hexagonal,BG-Twist off,,⬇ 21890,,
56,008081-282,106 ml,106 grs,Glass,"61,25 mm","56,70 mm",glass-white,,Twist Off TO 58 Tall,100,,,
57,008081-274,106 ml,110 grs,Glass,"67,00 mm","67,00 mm",glass-white,square,Twist Off 48,84,,,
58,008081-452,106 ml,110 grs,Glass,"58,00 mm","90,00 mm",white,cylindrical,Twist Off 48,,⬇ 14980,,
59,008081-77,106 ml,115 grs,Glass,"70,11 / 56,50 mm","61,50 mm",glass-white,square,Twist Off 48,104,,,
60,008081-447,106 ml,115 grs,Glass,"48,00 mm","97,50 mm",white,cylindrical,PP 45,,⬇ 17395,,
61,008081-636,106 ml,115 grs,Glass,"52,40 mm","69,00 mm",white,square,Twist Off 48,,⬇ 14750,,
62,008081-491,106 ml,120 grs,Glass,"67,00 mm","48,00 mm",white,cylindrical,Twist Off TO 63 Tall,,⬇ 29510,,
63,008081-632,106 ml,120 grs,Glass,"52,00 mm","73,20 mm",white,square,Twist Off 48,,⬇ 13317,,
64,10485,106 ml,130 grs,Glass,"74,00 mm","51,00 mm",glass-white,cylindrical,Twist Off TO 70 Tall,,,,
65,008081-537,106 ml,130 grs,Glass,"73,20 mm","54,90 mm",white,cylindrical,Twist Off TO 70 Tall,,⬇ 12850,,
66,008082-1621,106 ml,160 grs,Glass,"83,00 mm","47,00 mm",glass-white,cylindrical,Twist Off TO 70,,,,
67,008081-593,106 ml,350 grs,Glass,"69,40 mm","78,50 mm",white,square,Twist Off 43 Deep,,⬇ 10718,,
68,008081-60,109 ml,110 grs,Glass,"58,00 / 43,50 mm","90,00 mm",glass-white,curved,Twist Off 48,87,,,
69,008081-553,110 ml,110 grs,Glass,"51,20 mm","77,80 mm",white,hexagonal,Twist Off 48,,⬇ 2212,,
70,10600,114 ml,121 grs,Glass,"41,00 mm","120,00 mm",glass-white,cylindrical,Screw Finished - X Grinder Special,,,,
71,008082-32,115 ml,120 grs,Glass,"42,50 mm","127,50 mm",white,cylindrical,Twist Off TO 38,110,,,
72,008082-417,115 ml,121 grs,Glass,"45,00 mm","135,00 mm",glass-white,cylindrical,Tapa-molinillo,,,,
73,008081-270,116 ml,110 grs,Glass,"58,50 / 51,50 mm","78,50 mm",glass-white,hexagonal,Twist Off 48,51,,,
74,008081-574,119 ml,110 grs,Glass,"69,30 mm","49,00 mm",white,cylindrical,Twist Off 66 Deep,,⬇ 15197,,
75,008082-93,120 ml,80 grs,Glass,"68,95 mm","47,50 mm",glass-white,cylindrical,Twist Off TO 70,95,,,
76,008082-200,120 ml,95 grs,Glass,"62,00 mm","55,50 mm",white,cylindrical,Twist Off TO 66,84,,,
77,008081-629,120 ml,100 grs,Glass,"76,00 mm","43,60 mm",white,cylindrical,BG-Twist off,,⬇ 7748,,
78,008081-605,124 ml,95 grs,Glass,"62,40 mm","56,70 mm",white,cylindrical,BG-Twist off,,⬇ 7021,,
79,008081-479,125 ml,85 grs,Glass,"62,40 mm","65,40 mm",white,cylindrical,BG-Twist off,,⬇ 19295,,
80,008082-381,125 ml,95 grs,Glass,"66,00 mm","59,50 mm",glass-white,cylindrical,Twist Off TO 66,84,,,
81,008081-481,125 ml,95 grs,Glass,"66,00 mm","59,50 mm",white,cylindrical,BG-Twist off,,⬇ 11255,,
82,008081-380,125 ml,205 grs,Glass,"75,00 mm","60,00 mm",glass-white,cylindrical,,,,,
83,008081-547,125 ml,208 grs,Glass,"59,80 mm","75,30 mm",white,cylindrical,BG-Swing Top,,⬇ 12222,,
84,008082-1296,125 ml,300 grs,Glass,"118,00 mm","96,00 mm",glass-white,cylindrical,,,,,
85,008082-1290,125 ml,365 grs,Glass,"83,00 mm","75,00 mm",glass-white,cylindrical,,,,,
86,008082-142,128 ml,85 grs,Glass,"62,05 / 54,20 mm","65,40 mm",glass-white,cylindrical,Twist Off TO 63,92,,,
87,008081-277,130 ml,105 grs,Glass,"69,30 mm","51,40 mm",glass-white,cylindrical,Twist Off TO 66 Tall,85,,,
88,008081-612,130 ml,105 grs,Glass,"60,20 mm","66,20 mm",white,cylindrical,BG-Twist off,,⬇ 19893,,
89,008082-411,130 ml,110 grs,,"61,50 mm","60,50 mm",glass-white,cylindrical,Twist Off TO 63,,,,
90,008081-475,130 ml,110 grs,Glass,"66,70 mm","60,50 mm",white,cylindrical,BG-Twist off,,⬇ 24962,,
91,008081-579,130 ml,120 grs,Glass,"56,90 mm","72,80 mm",white,cylindrical,BG-Twist off,,⬇ 22795,,
92,008081-575,130 ml,140 grs,Glass,"69,50 mm","57,20 mm",white,cylindrical,Twist Off 66 Deep,,⬇ 22698,,
93,008081-549,135 ml,225 grs,Glass,"63,70 mm","75,60 mm",white,cylindrical,BG-Swing Top,,⬇ 17839,,
94,008082-397,136 ml,100 grs,Glass,"69,30 mm","53,20 mm",glass-white,cylindrical,Twist Off TO 66 Tall,,,,
95,008082-20,140 ml,106 grs,Glass,"72,50 mm","51,50 mm",white,cylindrical,Twist Off TO 66,95,,,
96,008081-606,140 ml,106 grs,Glass,"72,50 mm","51,50 mm",white,cylindrical,BG-Twist off,,⬇ 26256,,
97,008081-529,140 ml,115 grs,Glass,"52,50 mm","96,90 mm",white,cylindrical,BG-Screw,,⬇ 17833,,
98,008081-251,140 ml,130 grs,Glass,"74,60 mm","50,80 mm",glass-white,cylindrical,Twist Off TO 70 Tall,85,,,
99,008082-358,140 ml,166 grs,Glass,"60,00 mm","69,00 mm",glass-white,cylindrical,Weck 60 mm,,,,
100,008082-141,148 ml,105 grs,Glass,"68,50 mm","56,80 mm",white,cylindrical,Twist Off TO 66,84,,,
101,POCP0150CT18XXPP,150 ml,15 grs,Plastic,"72,00 mm","50,20 mm",plastic-transparent,,,,,,
102,POCP0150CA11XXPP,150 ml,18 grs,Plastic,"53,20 mm","95,50 mm",plastic-topaz,,,,,,
103,004047-104,150 ml,18 grs,Plastic,"48,20 mm","126,00 mm",plastic-transparent,oval,Thread 24/410,,,,
104,004047-105,150 ml,18 grs,Plastic,"45,10 mm","138,50 mm",plastic-transparent,oval,Thread 24/410,,,,
105,004046-33,150 ml,20 grs,Plastic,"65,60 mm","64,70 mm",plastic-transparent,cylindrical,TO-063-PET,,,,
106,POCP0150CB12XXNO,150 ml,25 grs,Plastic,"50,34 mm","104,37 mm",plastic-white,,,,,,
107,008082-114,150 ml,85 grs,Glass,"63,00 mm","71,00 mm",glass-white,cylindrical,Special T 3668A,,,,
108,008082-246,150 ml,100 grs,Glass,"77,00 mm","45,80 mm",glass-white,cylindrical,S/Detalle 150,80,,,
109,008082-56,150 ml,142 grs,Glass,"50,50 mm","109,00 mm",white,cylindrical,Twist Off 48,78,,,
110,008082-1588,150 ml,170 grs,Glass,,"84,00 mm",glass-white,complex,,,,,
111,008082-66,151 ml,107 grs,Glass,"63,50 mm","69,80 mm",white,cylindrical,Twist Off TO 58,69,,,
112,008081-253,151 ml,130 grs,Glass,"73,20 mm","54,90 mm",glass-white,cylindrical,Twist Off TO 70 Tall,68,,,
113,008082-268,156 ml,100 grs,Glass,"56,40 mm","87,00 mm",glass-white,cylindrical,Twist Off TO 53,,,,
114,008082-94,156 ml,100 grs,Glass,"56,40 mm","85,50 mm",glass-white,cylindrical,Twist Off TO 53,93,,,
115,008081-510,156 ml,100 grs,Glass,"56,40 mm","85,50 mm",white,cylindrical,BG-Twist off,,⬇ 16346,,
116,008081-459,156 ml,110 grs,Glass,"58,00 mm","100,70 mm",white,cylindrical,PP 45,,⬇ 9563,,
117,008081-613,156 ml,115 grs,Glass,"60,20 mm","76,70 mm",white,cylindrical,BG-Twist off,,⬇ 21604,,
118,008081-651,156 ml,130 grs,Glass,"80,90 mm","60,30 mm",white,square,Twist Off TO 63 Tall,,⬇ 27089,,
119,008081-624,156 ml,140 grs,Glass,"45,10 mm","140,50 mm",white,cylindrical,Twist Off 43 Deep,,⬇ 19505,,
120,008081-540,156 ml,150 grs,Glass,"73,00 mm","68,70 mm",white,cylindrical,Twist Off TO 70 Tall,,⬇ 16972,,
121,008081-288,156 ml,160 grs,Glass,"69,80 mm","56,70 mm",glass-white,square,Twist Off TO 66 Tall,80,⬇ 17534,,
122,008081-213,156 ml,190 grs,Glass,"74,00 mm","61,00 mm",glass-white,cylindrical,Twist Off TO 70 Tall,68,,,
123,008082-33,159 ml,145 grs,Glass,"46,50 mm","150,00 mm",white,cylindrical,Twist Off TO 43,45,,,
124,008082-69,160 ml,103 grs,Glass,"57,00 mm","92,50 mm",white,cylindrical,Twist Off TO 53,58,,,
125,008082-359,160 ml,174 grs,Glass,"60,00 mm","80,00 mm",glass-white,cylindrical,Weck 60 mm,,,,
126,008081-611,161 ml,115 grs,Glass,"62,00 mm","76,70 mm",white,cylindrical,BG-Twist off,,⬇ 19708,,
127,008082-347,165 ml,27 grs,Glass,"80,00 mm","47,00 mm",glass-white,cylindrical,Weck 80 mm,,,,
128,008081-486,167 ml,120 grs,Glass,"62,50 mm","72,70 mm",white,cylindrical,BG-Twist off,,⬇ 14952,,
129,008082-29,167 ml,125 grs,Glass,"61,80 mm","72,70 mm",white,cylindrical,Twist Off TO 66,63,,,
130,008081-265,167 ml,127 grs,Glass,"66,00 mm","72,70 mm",glass-white,cylindrical,Twist Off TO 66,63,,,
131,008081-472,167 ml,135 grs,Glass,"52,30 mm","115,00 mm",white,cylindrical,BG-Twist off,,⬇ 12776,,
132,008081-546,167 ml,235 grs,Glass,"62,30 mm","89,20 mm",white,cylindrical,BG-Swing Top,,⬇ 12221,,
133,008082-1668,167 ml,236 grs,Glass,"78,00 mm","62,00 mm",glass-white,cylindrical,,,,,
134,008082-403,180 ml,122 grs,Glass,"62,00 mm","86,00 mm",glass-white,cylindrical,Twist Off TO 63,,,,
135,008081-480,186 ml,120 grs,Glass,"77,30 mm","53,10 mm",white,cylindrical,BG-Twist off,,⬇ 10496,,
136,008081-576,190 ml,140 grs,Glass,"86,20 mm","49,40 mm",white,cylindrical,Twist Off TO 82 Alta,,⬇ 22699,,
137,008081-591,192 ml,145 grs,Glass,"68,70 mm","93,20 mm",white,complex,BG-Twist off,,⬇ 12552,,
138,008081-557,196 ml,140 grs,Glass,"60,80 mm","86,90 mm",white,hexagonal,BG-Twist off,,⬇ 173,,
139,POCP0200CT18XXPP,200 ml,18 grs,Plastic,"71,50 mm","64,20 mm",plastic-transparent,,,,,,
140,004046-38,200 ml,30 grs,Plastic,"85,00 mm","57,10 mm",plastic-transparent,cylindrical,TO-082-PET,,,,
141,POCP0200CT19XXPP,200 ml,36 grs,Plastic,"104,00 mm","42,00 mm",plastic-transparent,,,,,,
142,008081-642,200 ml,150 grs,Glass,"79,50 mm","72,00 mm",white,square,BG-Twist off,,⬇ 10823,,
143,008081-268,200 ml,163 grs,Glass,"69,70 / 61,00 mm","89,00 mm",glass-white,hexagonal,Twist Off TO 58,51,,,
144,008082-346,200 ml,170 grs,Glass,"60,00 mm","120,00 mm",glass-white,cylindrical,Weck 60 mm,,,,
145,008082-364,200 ml,174 grs,Glass,"80,00 / 68,00 mm","55,00 mm",glass-white,cylindrical,Weck 80 mm,,,,
146,008081-261,200 ml,202 grs,Glass,"56,00 mm","170,80 mm",glass-white,cylindrical,Twist Off TO 43,17,,,
147,008081-230,200 ml,299 grs,Glass,"83,30 mm","73,00 mm",glass-white,cylindrical,Le Parfait - Finish Latex 70 mm,,,,
148,008082-1728,200 ml,375 grs,Glass,"83,00 mm","95,00 mm",glass-white,cylindrical,,,,,
149,008082-399,205 ml,140 grs,Glass,"73,20 mm","63,30 mm",glass-white,cylindrical,Twist Off TO 77,,,,
150,008081-543,205 ml,330 grs,Glass,"77,70 mm","58,00 mm",white,cylindrical,BG-Swing Top,,⬇ 19920,,
151,008082-44,207 ml,150 grs,Glass,"79,50 / 69,50 mm","72,00 mm",white,square,Twist Off TO 66,57,,,
152,008082-72,209 ml,119 grs,Glass,"62,00 mm","95,40 mm",glass-white,cylindrical,Twist Off TO 58,,,,
153,008082-398,209 ml,119 grs,Glass,"62,00 mm","95,40 mm",glass-white,cylindrical,Twist Off TO 58,,,,
154,008082-63,210 ml,140 grs,Glass,"94,00 mm","43,50 mm",white,cylindrical,S/D 210,54,,,
155,008082-284,210 ml,140 grs,Glass,"85,00 mm","83,00 mm",glass-white,cylindrical,Twist Off TO 63,,,,
156,008082-83,211 ml,194 grs,Glass,"50,30 mm","170,00 mm",glass-white,cylindrical,Twist Off 48,39,⬇ 14705,,
157,008082-8,212 ml,120 grs,Glass,"67,50 mm","81,00 mm",white,cylindrical,Twist Off TO 63,63,,,
158,008082-70,212 ml,120 grs,Glass,"61,50 mm","104,00 mm",white,cylindrical,Twist Off TO 58,50,,,
159,008082-277,212 ml,120 grs,Glass,"60,90 mm","96,80 mm",white,cylindrical,Twist Off TO 58,48,,,
160,008081-464,212 ml,120 grs,Glass,"60,60 mm","104,20 mm",white,cylindrical,BG-Twist off,,⬇ 18436,,
161,008082-343,212 ml,120 grs,Glass,"61,50 mm","90,00 mm",glass-white,cylindrical,Twist Off TO 63,,,,
162,008081-276,212 ml,124 grs,Glass,"69,30 mm","77,00 mm",glass-white,cylindrical,Twist Off TO 66 Tall,51,,,
163,008081-530,212 ml,125 grs,Glass,"57,40 mm","109,10 mm",white,cylindrical,BG-Twist off,,⬇ 23997,,
164,008082-145,212 ml,130 grs,Glass,"64,80 mm","95,20 mm",glass-white,octogonal,Twist Off TO 58,46,,,
165,008081-499,212 ml,130 grs,Glass,"71,90 mm","74,50 mm",white,cylindrical,BG-Twist off,,⬇ 18197,,
166,008081-628,212 ml,135 grs,Glass,"92,20 mm","51,70 mm",white,cylindrical,BG-Twist off,,⬇ 3465,,
167,008081-471,212 ml,140 grs,Glass,"71,00 mm","89,50 mm",white,cylindrical,BG-Twist off,,⬇ 13016,,
168,008081-17,212 ml,140 grs,Glass,"76,10 mm","84,00 mm",glass-white,cylindrical,Twist Off TO 63,51,,,
169,008081-590,212 ml,145 grs,Glass,"66,80 mm","85,50 mm",white,cylindrical,BG-Twist off,,⬇ 20135,,
170,008082-400,212 ml,145 grs,Glass,"73,00 mm","70,00 mm",glass-white,cylindrical,Twist Off TO 70 Tall,,,,
171,008081-273,212 ml,150 grs,Glass,"62,50 mm","80,00 mm",glass-white,square,Twist Off TO 58,72,,,
172,008081-564,212 ml,150 grs,Glass,"71,00 mm","99,30 mm",white,cylindrical,BG-Twist off,,⬇ 17486,,
173,008081-650,212 ml,150 grs,Glass,"68,00 mm","75,20 mm",white,square,Twist Off TO 63 Tall,,⬇ 26022,,
174,008081-610,212 ml,150 grs,Glass,"60,20 mm","101,30 mm",white,cylindrical,BG-Twist off,,⬇ 24338,,
175,008081-283,212 ml,151 grs,Glass,"62,00 mm","90,00 mm",glass-white,cylindrical,Twist Off TO 66,63,,,
176,008081-669,212 ml,155 grs,,"73,00 mm","83,00 mm",glass-white,cylindrical,BG-Twist off,,⬇ 16633,,
177,008081-215,212 ml,160 grs,Glass,"84,00 / 67,00 mm","76,20 mm",glass-white,square,Twist Off TO 58,39,,,
178,10260,212 ml,160 grs,Glass,"48,00 mm","81,00 mm",glass-white,square,Twist Off TO 63 Tall,,,,
179,008081-493,212 ml,160 grs,Glass,"65,90 mm","81,50 mm",white,square,Twist Off TO 63 Tall,,⬇ 28692,,
180,008082-391,212 ml,160 grs,Glass,"74,00 mm","80,00 mm",glass-white,cylindrical,Twist Off TO 70 Tall,,,,
181,008081-657,212 ml,160 grs,Glass,"67,50 mm","92,70 mm",white,cylindrical,BG-Twist off,,⬇ 24878,,
182,008081-646,212 ml,163 grs,Glass,"73,40 mm","70,60 mm",white,cylindrical,BG-Twist off,,⬇ 23582,,
183,008082-233,212 ml,165 grs,Glass,"68,00 mm","91,80 mm",glass-white,cylindrical,Twist Off TO 63,42,,,
184,008081-470,212 ml,170 grs,Glass,"70,90 mm","97,30 mm",white,cylindrical,BG-Twist off,,⬇ 17903,,
185,008081-599,212 ml,170 grs,Glass,"66,80 mm","91,10 mm",white,cylindrical,BG-Twist off,,⬇ 25528,,
186,10486,212 ml,175 grs,Glass,"74,00 mm","80,00 mm",glass-white,cylindrical,Twist Off TO 70 Tall,,,,
187,32959,212 ml,175 grs,Glass,"70,80 mm","83,00 mm",glass-white,cylindrical,Twist Off TO 63,,↓ 32959,,
188,008081-635,212 ml,180 grs,Glass,"78,70 mm","87,80 mm",white,square,BG-Twist off,,⬇ 11110,,
189,008081-454,212 ml,190 grs,Glass,"71,00 mm","115,50 mm",white,cylindrical,BG-Twist off,,⬇ 14981,,
190,008081-468,212 ml,190 grs,Glass,"88,20 mm","71,20 mm",white,rectangular,BG-Twist off,,⬇ 15663,,
191,008081-583,212 ml,190 grs,Glass,"73,00 mm","91,00 mm",white,oval,BG-Twist off,,⬇ 16535,,
192,008081-585,212 ml,190 grs,Glass,"83,00 mm","90,00 mm",white,oval,BG-Twist off,,⬇ 16536,,
193,008081-638,212 ml,195 grs,Glass,"63,00 mm","85,70 mm",white,square,BG-Twist off,,⬇ 19217,,
194,008081-536,212 ml,200 grs,Glass,"71,10 mm","81,30 mm",extrawhite,square,Twist Off TO 58 Tall,,⬇ 19640,,
195,29323,212 ml,250 grs,Glass,"76,80 mm","79,00 mm",extrawhite,cylindrical,BG-Screw,,⬇ 29323,,
196,29322,212 ml,250 grs,Glass,"69,80 mm","91,00 mm",extrawhite,cylindrical,BG-Screw,,⬇ 29322,,
197,008081-290,212 ml,260 grs,Glass,"69,80 mm","74,70 mm",glass-white,square,Twist Off TO 66 Tall,60,⬇ 17535,,
198,008082-1602,212 ml,348 grs,Glass,"114,00 mm","55,00 mm",glass-white,cylindrical,Twist Off TO 110,,,,
199,008081-519,212 ml,350 grs,Glass,"84,00 mm","89,50 mm",white,cylindrical,BG-Twist off,,⬇ 12374,,
200,008081-594,212 ml,400 grs,Glass,"77,30 mm","84,60 mm",white,square,BG-Twist off,,⬇ 17402,,
201,008082-385,215 ml,125 grs,Glass,"62,00 mm","101,50 mm",white,cylindrical,BG-Twist off,,⬇ 20067,,
202,10245,215 ml,125 grs,Glass,"62,00 mm","101,00 mm",glass-white,cylindrical,Twist Off TO 53,,,,
203,008082-357,220 ml,120 grs,Glass,"60,00 mm","80,00 mm",glass-white,cylindrical,Weck 60 mm,,,,
204,008081-572,220 ml,124 grs,Glass,"69,30 mm","77,00 mm",white,cylindrical,Twist Off 66 Deep,,⬇ 22023,,
205,008082-352,220 ml,193 grs,Glass,"60,00 mm","66,00 mm",glass-white,cylindrical,Weck 60 mm,,,,
206,008082-335,223 ml,130 grs,Glass,"70,00 mm","78,80 mm",glass-white,cylindrical,Twist Off TO 66 Tall,,,,
207,008081-326,225 ml,140 grs,Glass,"70,50 mm","79,20 mm",glass-white,cylindrical,Twist Off TO 66 Tall,57,,,
208,008081-483,225 ml,150 grs,Glass,"82,00 mm","62,70 mm",white,cylindrical,BG-Twist off,,⬇ 10912,,
209,008081-331,225 ml,160 grs,Glass,"69,30 mm","83,50 mm",white,cylindrical,Twist Off 66 Deep,,⬇ 16199,,
210,008081-511,228 ml,120 grs,Glass,"67,70 mm","84,70 mm",white,cylindrical,BG-Twist off,,⬇ 19422,,
211,008081-280,228 ml,135 grs,Glass,"92,20 mm","52,00 mm",glass-white,cylindrical,Twist Off TO 82,,,,
212,008081-487,228 ml,140 grs,Glass,"66,70 mm","98,00 mm",white,cylindrical,BG-Twist off,,⬇ 26155,,
213,008081-603,228 ml,140 grs,Glass,"86,00 mm","55,20 mm",white,cylindrical,BG-Twist off,,⬇ 12694,,
214,008081-617,228 ml,150 grs,Glass,"85,40 mm","55,70 mm",white,cylindrical,BG-Twist off,,⬇ 20984,,
215,008081-659,228 ml,185 grs,Glass,"105,00 mm","77,50 mm",white,complex,BG-Twist off,,⬇ 13220,,
216,008081-601,229 ml,150 grs,Glass,"67,30 mm","87,30 mm",white,octogonal,BG-Twist off,,⬇ 16619,,
217,008082-293,230 ml,125 grs,Glass,"82,00 / 73,00 mm","59,00 mm",glass-white,cylindrical,,,,,
218,008081-658,230 ml,130 grs,Glass,"77,00 mm","67,00 mm",white,cylindrical,BG-Twist off,,⬇ 9321,,
219,008081-263,235 ml,135 grs,Glass,"81,00 mm","64,50 mm",glass-white,cylindrical,Twist Off TO 82,52,,,
220,10403,244 ml,160 grs,Glass,"57,00 mm","129,00 mm",glass-white,cylindrical,Twist Off TO 53,,,,
221,008082-21,244 ml,175 grs,Glass,"57,80 mm","129,50 mm",white,cylindrical,Twist Off TO 53,58,,,
222,008082-124,245 ml,150 grs,Glass,"64,50 mm","109,50 mm",white,cylindrical,Twist Off TO 58,46,,,
223,008081-235,245 ml,155 grs,Glass,"87,50 mm","62,50 mm",glass-white,cylindrical,Le Parfait - Finish Wiss 82 mm,,,,
224,POCP0250CT18XXPP,250 ml,18 grs,Plastic,"71,50 mm","77,60 mm",plastic-transparent,,,,,,
225,POCH0250CN11XXML,250 ml,20 grs,Plastic,,"98,00 mm",plastic-white,,,,,,
226,004047-107,250 ml,20 grs,Plastic,"45,10 mm","160,00 mm",plastic-transparent,,,,,,
227,004046-36,250 ml,20 grs,Plastic,,"75,10 mm",plastic-transparent,square,TO-063-PET,,,"85,1 mm","85,1 mm"
228,POCL0250CB11XXPR,250 ml,23 grs,Plastic,,"83,40 mm",plastic-white,,,,,,
229,004047-108,250 ml,24 grs,Plastic,,"125,40 mm",plastic-transparent,,,,,,
230,PA BA 0725BL A00,250 ml,26 grs,Plastic,"70,00 mm","88,00 mm",plastic-white,cylindrical,,,⬇ PA BA 0725BL A00,,
231,POCP0250CB1ZXXNO,250 ml,28 grs,Plastic,"63,91 mm","111,13 mm",plastic-white,,,,,,
232,POCP0250CA11XXPP,250 ml,29 grs,Plastic,"63,00 mm","111,50 mm",plastic-topaz,,,,,,
233,004046-39,250 ml,30 grs,Plastic,"85,00 mm","65,90 mm",plastic-transparent,cylindrical,TO-082-PET,,,,
234,POCP0250CB11XXNO,250 ml,37 grs,Plastic,"63,91 mm","111,13 mm",plastic-white,,,,,,
235,008082-9,250 ml,150 grs,Glass,"71,80 mm","84,00 mm",white,cylindrical,Twist Off TO 66,57,,,
236,002021-1189,250 ml,150 grs,Glass,"62,50 mm","137,80 mm",white,cylindrical,Twist Off 43 Deep,,⬇ 19140,,
237,007071-1031,250 ml,155 grs,Glass,"61,00 mm","115,00 mm",glass-white,complex,Twist Off TO 58,,,,
238,008081-522,250 ml,155 grs,Glass,"62,30 mm","114,10 mm",white,cylindrical,Twist Off TO 58 Tall,,⬇ 16794,,
239,10282,250 ml,185 grs,Glass,"48,00 mm","97,00 mm",glass-white,square,Twist Off TO 63 Tall,,,,
240,008081-492,250 ml,185 grs,Glass,"67,50 mm","97,50 mm",white,square,Twist Off TO 63 Tall,,⬇ 21513,,
241,007071-971,250 ml,196 grs,Glass,"66,00 mm","102,00 mm",glass-white,cylindrical,,,,,
242,008081-544,255 ml,175 grs,Glass,"77,70 mm","69,00 mm",white,cylindrical,BG-Swing Top,,⬇ 19921,,
243,38006,255 ml,237 grs,Glass,"78,00 / 76,00 mm","69,00 mm",glass-white,cylindrical,Le parfait Bistrot 71,,⬇ 38006,,
244,008081-362,255 ml,300 grs,Glass,"85,00 mm","90,00 mm",glass-white,cylindrical,,,,,
245,008081-221,255 ml,314 grs,Glass,"83,30 mm","86,10 mm",glass-white,cylindrical,Le Parfait - Finish Latex 70 mm,,,,
246,008082-218,257 ml,175 grs,Glass,"73,20 mm","83,70 mm",glass-white,cylindrical,Twist Off TO 70 Tall,51,,,
247,008082-1647,260 ml,275 grs,Glass,"100,00 mm","100,00 mm",glass-white,hexagonal,Twist Off TO 43,,,,
248,008081-478,260 ml,180 grs,Glass,"82,00 mm","80,60 mm",white,cylindrical,BG-Twist off,,⬇ 13548,,
249,005055-17,260 ml,275 grs,Glass,"78,00 mm","85,00 mm",glass-white,cylindrical,,,⬇ 29998,,
250,008082-76,262 ml,135 grs,Glass,"78,14 mm","68,80 mm",glass-white,cylindrical,Twist Off TO 82,39,,,
251,008081-577,262 ml,163 grs,Glass,"86,20 mm","64,90 mm",white,cylindrical,BG-Twist off,,⬇ 22700,,
252,008081-212,270 ml,190 grs,Glass,"74,00 mm","88,00 mm",glass-white,cylindrical,Twist Off TO 70 Tall,51,,,
253,008082-136,270 ml,222 grs,Glass,"87,00 / 87,00 mm","95,00 mm",glass-white,square,Twist Off TO 63,24,,,
254,008081-446,270 ml,222 grs,Glass,"68,00 mm","95,00 mm",white,square,BG-Twist off,,⬇ 25901,,
255,008081-548,272 ml,175 grs,Glass,"62,30 mm","132,50 mm",white,cylindrical,BG-Swing Top,,⬇ 12223,,
256,008082-41,275 ml,210 grs,Glass,"72,70 mm","101,00 mm",white,cylindrical,Twist Off TO 63,38,,,
257,008082-30,277 ml,165 grs,Glass,"61,80 mm","115,00 mm",white,cylindrical,Twist Off TO 66,42,,,
258,008082-258,277 ml,175 grs,Glass,"62,00 mm","116,00 mm",glass-white,cylindrical,Twist Off TO 66,,,,
259,008081-484,277 ml,175 grs,Glass,"62,50 mm","116,00 mm",white,cylindrical,BG-Twist off,,⬇ 10911,,
260,008082-79,277 ml,180 grs,Glass,"68,50 mm","124,00 mm",white,cylindrical,Twist Off TO 58,42,,,
261,008081-498,280 ml,145 grs,Glass,"86,50 mm","63,70 mm",white,cylindrical,BG-Twist off,,⬇ 25208,,
262,008081-461,280 ml,152 grs,Glass,"67,00 mm","110,00 mm",white,cylindrical,BG-Twist off,,⬇ 25,,
263,008081-488,280 ml,200 grs,Glass,"70,90 mm","117,80 mm",white,cylindrical,BG-Twist off,,⬇ 26277,,
264,008081-554,280 ml,205 grs,Glass,"69,20 mm","121,40 mm",white,hexagonal,BG-Twist off,,⬇ 10408,,
265,008081-272,282 ml,150 grs,Glass,"86,50 mm","64,20 mm",glass-white,cylindrical,Twist Off TO 82,48,,,
266,10569,282 ml,150 grs,Glass,"86,00 mm","63,00 mm",glass-white,cylindrical,Twist Off TO 82,,,,
267,008082-414,282 ml,225 grs,Glass,"89,00 / 89,00 mm","89,00 mm",glass-white,square,Twist Off TO 63,24,,,
268,008081-327,282 ml,265 grs,Glass,"73,00 mm","110,00 mm",glass-white,cylindrical,Lid Snap PP 68,,,,
269,008081-521,286 ml,155 grs,Glass,"71,20 mm","98,00 mm",white,cylindrical,Twist Off 66 Deep,,⬇ 12950,,
270,008081-558,288 ml,200 grs,Glass,"69,00 mm","99,00 mm",white,hexagonal,BG-Twist off,,⬇ 175,,
271,008082-289,290 ml,148 grs,Glass,"60,70 mm","111,60 mm",glass-white,faceted,Twist Off TO 58,52,,,
272,008082-407,290 ml,160 grs,Glass,"98,20 mm","61,20 mm",glass-white,cylindrical,Twist Off TO 82,,,,
273,008081-267,290 ml,200 grs,Glass,"78,90 / 69,10 mm","99,00 mm",glass-white,hexagonal,Twist Off TO 63,30,,,
274,008082-312,290 ml,220 grs,Glass,"73,00 mm","94,00 mm",glass-white,cylindrical,,,,,
275,002022-942,290 ml,273 grs,Glass,"60,00 mm","140,00 mm",glass-white,cylindrical,Weck 60 mm,,,,
276,008082-354,290 ml,280 grs,Glass,"80,00 mm","87,00 mm",glass-white,cylindrical,Weck 80 mm,,,,
277,008082-356,290 ml,331 grs,Glass,"108,00 mm","47,00 mm",glass-white,square,Weck 100 mm,,,,
278,008082-374,290 ml,338 grs,Glass,"100,00 mm","55,00 mm",glass-white,cylindrical,Weck 100 mm,,,,
279,008081-524,295 ml,150 grs,Glass,"71,40 mm","97,50 mm",white,cylindrical,Twist Off 66 Deep,,⬇ 18995,,
280,POCP0300CT17XXPP,300 ml,25 grs,Plastic,"71,20 mm","91,50 mm",plastic-transparent,,,,,,
281,POCY0300CT17XXPP,300 ml,25 grs,Plastic,"71,20 mm","91,50 mm",plastic-transparent,,,,,,
282,004046-40,300 ml,30 grs,Plastic,"85,00 mm","74,50 mm",plastic-transparent,cylindrical,TO-082-PET,,,,
283,POCP0300CB1ZXXNO,300 ml,37 grs,Plastic,"68,99 mm","118,95 mm",plastic-white,,,,,,
284,008082-402,300 ml,210 grs,Glass,,"198,00 mm",glass-white,conical,Twist Off TO 38,,,,
285,008082-365,300 ml,260 grs,Glass,"125,00 / 112,00 mm","48,00 mm",glass-white,cylindrical,Weck 120 mm,,,,
286,005055-18,300 ml,275 grs,Glass,"78,00 mm","92,00 mm",glass-white,cylindrical,,,,,
287,008082-1710,300 ml,860 grs,Glass,"95,00 mm","95,00 mm",glass-white,complex,,,,,
288,008082-27,312 ml,200 grs,Glass,"59,50 mm","205,55 mm",white,cylindrical,Twist Off TO 30,27,,,
289,008082-386,314 ml,138 grs,Glass,"67,90 mm","110,80 mm",white,cylindrical,BG-Twist off,,⬇ 54,,
290,008082-7,314 ml,165 grs,Glass,"67,00 mm","117,00 mm",white,cylindrical,Twist Off TO 63,42,,,
291,008082-73,314 ml,165 grs,Glass,"67,00 mm","131,00 mm",glass-white,cylindrical,Twist Off TO 63,42,,,
292,008081-656,314 ml,165 grs,Glass,"67,00 mm","131,00 mm",white,cylindrical,BG-Twist off,,⬇ 27274,,
293,008081-19,314 ml,165 grs,Glass,"85,80 mm","97,50 mm",glass-white,cylindrical,Twist Off TO 63,26,,,
294,008082-121,314 ml,185 grs,Glass,"75,00 mm","103,50 mm",glass-white,cylindrical,Twist Off TO 63,34,,,
295,008082-108,314 ml,185 grs,Glass,"75,00 mm","103,50 mm",glass-white,cylindrical,Twist Off TO 63 Tall,34,,,
296,008081-534,314 ml,195 grs,Glass,"72,20 mm","105,00 mm",white,square,BG-Twist off,,⬇ 16419,,
297,10487,314 ml,195 grs,Glass,"74,00 mm","106,00 mm",glass-white,cylindrical,Twist Off TO 70 Tall,,,,
298,008082-389,314 ml,200 grs,Glass,"85,00 mm","88,00 mm",glass-white,cylindrical,Twist Off TO 82,,,,
299,10243,314 ml,200 grs,Glass,"56,00 mm","92,00 mm",glass-white,square,Twist Off TO 63 Tall,,,,
300,008081-495,314 ml,200 grs,Glass,"73,80 mm","92,10 mm",white,square,Twist Off TO 70 Tall,,⬇ 27087,,
301,008081-563,314 ml,200 grs,Glass,"79,10 mm","101,50 mm",white,hexagonal,BG-Twist off,,⬇ 22593,,
302,008081-608,314 ml,200 grs,Glass,"60,20 mm","144,50 mm",white,cylindrical,BG-Twist off,,⬇ 16361,,
303,34308,314 ml,200 grs,Glass,"76,80 mm","98,50 mm",glass-white,cylindrical,Twist Off TO 63,,↓ 34308,,
304,008081-649,314 ml,200 grs,Glass,"68,00 mm","103,20 mm",white,square,Twist Off TO 63,,⬇ 26021,,
305,008081-469,314 ml,210 grs,Glass,"98,70 mm","79,00 mm",white,rectangular,BG-Twist off,,⬇ 15543,,
306,008081-602,314 ml,210 grs,Glass,"68,00 mm","113,30 mm",white,octogonal,BG-Twist off,,⬇ 11432,,
307,008081-647,314 ml,210 grs,Glass,"73,40 mm","99,20 mm",white,cylindrical,BG-Twist off,,⬇ 23583,,
308,008081-581,314 ml,235 grs,Glass,"80,00 mm","106,00 mm",white,oval,BG-Twist off,,⬇ 16537,,
309,008081-451,314 ml,240 grs,Glass,"81,20 mm","131,50 mm",white,cylindrical,BG-Twist off,,⬇ 14287,,
310,008081-641,314 ml,240 grs,Glass,"73,50 mm","94,00 mm",white,square,BG-Twist off,,⬇ 18356,,
311,008081-586,314 ml,245 grs,Glass,"96,00 mm","104,50 mm",white,oval,BG-Twist off,,⬇ 16538,,
312,008081-40,314 ml,250 grs,Glass,"96,00 / 76,00 mm","88,50 mm",glass-white,square,Twist Off TO 63,27,,,
313,008081-633,314 ml,250 grs,Glass,"71,20 mm","102,00 mm",white,square,BG-Twist off,,⬇ 18419,,
314,008081-291,314 ml,280 grs,Glass,,"99,50 mm",glass-white,rectangular,Twist Off TO 66 Tall,42,⬇ 17536,,
315,29529,314 ml,350 grs,Glass,"87,00 mm","95,90 mm",extrablack,cylindrical,BG-Screw,,⬇ 29529,,
316,29454,314 ml,350 grs,Glass,"79,50 mm","104,00 mm",extrawhite,cylindrical,BG-Screw,,⬇ 29454,,
317,008081-595,314 ml,540 grs,Glass,"85,00 mm","94,30 mm",white,square,BG-Twist off,,⬇ 9882,,
318,008082-253,315 ml,258 grs,Glass,,"205,00 mm",glass-white,conical,Twist Off TO 38 MTO,66,,,
319,008081-600,317 ml,205 grs,Glass,"72,20 mm","114,50 mm",white,octogonal,BG-Twist off,,⬇ 17940,,
320,008081-463,320 ml,180 grs,Glass,"69,50 mm","120,00 mm",white,cylindrical,BG-Twist off,,⬇ 12428,,
321,008082-211,320 ml,210 grs,Glass,,"198,00 mm",glass-white,conical,Twist Off TO 38 MTO,66,,,
322,008081-589,324 ml,190 grs,Glass,"82,00 mm","93,50 mm",white,cylindrical,BG-Twist off,,⬇ 8641,,
323,008081-275,327 ml,190 grs,Glass,"69,30 mm","112,60 mm",glass-white,cylindrical,Twist Off TO 66 Tall,40,,,
324,008082-295,327 ml,195 grs,Glass,"69,30 mm","112,50 mm",white,cylindrical,BG-Twist off,,⬇ 16200,,
325,10186,330 ml,168 grs,Glass,"85,00 mm","75,00 mm",glass-white,cylindrical,Twist Off TO 82,,,,
326,008081-500,330 ml,170 grs,Glass,"85,60 mm","74,40 mm",white,cylindrical,BG-Twist off,,⬇ 17171,,
327,008081-532,330 ml,170 grs,Glass,"65,70 mm","117,00 mm",white,square,BG-Twist off,,⬇ 26989,,
328,008082-405,330 ml,178 grs,Glass,"84,00 mm","70,40 mm",glass-white,cylindrical,Twist Off TO 82,,,,
329,30596,335 ml,185 grs,Glass,"70,00 mm","112,00 mm",glass-white,cylindrical,Twist Off TO 66 Tall,,,,
330,008082-348,340 ml,300 grs,Glass,"60,00 mm","130,00 mm",glass-white,cylindrical,Weck 60 mm,,,,
331,008082-67,347 ml,170 grs,Glass,"80,20 mm","88,80 mm",glass-white,cylindrical,Twist Off TO 77,45,,,
332,008081-264,350 ml,210 grs,Glass,"86,00 mm","91,50 mm",glass-white,cylindrical,Twist Off TO 82,26,,,
333,008081-485,350 ml,215 grs,Glass,"86,30 mm","94,70 mm",white,cylindrical,BG-Twist off,,⬇ 17434,,
334,008081-477,350 ml,230 grs,Glass,"86,00 mm","97,50 mm",white,cylindrical,BG-Twist off,,⬇ 22905,,
335,008081-518,358 ml,200 grs,Glass,"63,00 mm","151,00 mm",white,cylindrical,BG-Twist off,,⬇ 27173,,
336,10390,358 ml,220 grs,Glass,"62,00 mm","153,00 mm",glass-white,cylindrical,Twist Off TO 58,,,,
337,008082-58,358 ml,230 grs,Glass,"63,50 mm","153,00 mm",glass-white,cylindrical,Twist Off TO 58,23,,,
338,008081-254,359 ml,195 grs,Glass,"73,00 mm","110,70 mm",glass-white,cylindrical,Twist Off TO 70 Tall,38,⬇ 20427,,
339,POCP0360CT11XXGU,360 ml,28 grs,Plastic,"64,00 mm","128,80 mm",plastic-transparent,,,,,,
340,008082-16,370 ml,160 grs,Glass,"72,50 mm","118,00 mm",glass-white,cylindrical,Twist Off TO 63,38,,,
341,008082-1590,370 ml,165 grs,Glass,"85,60 mm","97,50 mm",glass-white,complex,Twist Off TO 63,,,,
342,008081-144,370 ml,170 grs,Glass,"80,00 mm","99,00 mm",glass-white,cylindrical,Twist Off TO 66,30,,,
343,008082-74,370 ml,170 grs,Glass,"68,50 mm","138,00 mm",glass-white,cylindrical,Twist Off TO 63,21,,,
344,008082-1747,370 ml,172 grs,Glass,"80,00 mm","93,00 mm",glass-white,cylindrical,Twist Off TO 77,,,,
345,008082-299,370 ml,175 grs,Glass,"71,80 mm","122,00 mm",glass-white,cylindrical,Twist Off TO 66 Tall,38,,,
346,008082-409,370 ml,180 grs,Glass,"85,60 mm","84,40 mm",glass-white,cylindrical,Twist Off TO 82,,,,
347,008082-71,370 ml,180 grs,Glass,"71,40 mm","130,80 mm",glass-white,cylindrical,Twist Off TO 63,38,,,
348,008082-387,370 ml,180 grs,Glass,"81,00 mm","93,30 mm",white,cylindrical,BG-Twist off,,⬇ 25902,,
349,10598,370 ml,185 grs,Glass,"67,00 mm","135,00 mm",glass-white,cylindrical,Twist Off TO 63,,,,
350,008081-206,370 ml,190 grs,Glass,"74,00 mm","119,00 mm",glass-white,cylindrical,Twist Off TO 66,34,,,
351,008081-305,370 ml,190 grs,Glass,"87,30 mm","106,00 mm",white,cylindrical,Twist Off TO 63,,⬇ 17377,,
352,008081-626,370 ml,190 grs,Glass,"104,00 mm","66,80 mm",white,cylindrical,BG-Twist off,,⬇ 22902,,
353,008081-462,370 ml,195 grs,Glass,"71,30 mm","131,00 mm",white,cylindrical,BG-Twist off,,⬇ 10240,,
354,008082-87,370 ml,200 grs,Glass,"84,50 mm","107,00 mm",glass-white,oval,Twist Off TO 66,26,,,
355,008081-502,370 ml,200 grs,Glass,"85,60 mm","84,40 mm",white,cylindrical,BG-Twist off,,⬇ 23604,,
356,008082-10,370 ml,200 grs,Glass,"81,00 mm","93,85 mm",glass-white,cylindrical,Twist Off TO 77,28,,,
357,10248,370 ml,215 grs,Glass,"74,00 mm","104,00 mm",glass-white,square,Twist Off TO 70 Tall,,,,
358,008081-496,370 ml,215 grs,Glass,"74,10 mm","104,50 mm",white,square,Twist Off TO 70 Tall,,⬇ 27276,,
359,30581,370 ml,215 grs,Glass,"67,00 mm","135,00 mm",glass-white,cylindrical,Twist Off TO 63 Tall,,,,
360,10488,370 ml,220 grs,Glass,"74,00 mm","121,00 mm",glass-white,cylindrical,Twist Off TO 70 Tall,,,,
361,008081-541,370 ml,220 grs,Glass,"73,40 mm","114,50 mm",white,cylindrical,BG-Twist off,,⬇ 19097,,
362,008081-490,370 ml,229 grs,Glass,"86,20 mm","97,50 mm",white,cylindrical,BG-Twist off,,⬇ 30040,,
363,10269,370 ml,230 grs,Glass,"65,00 mm","80,00 mm",glass-white,complex,Twist Off TO 63,,,,
364,008081-648,370 ml,230 grs,Glass,"73,40 mm","114,50 mm",white,cylindrical,BG-Twist off,,⬇ 23584,,
365,008081-643,370 ml,240 grs,Glass,"79,50 mm","121,90 mm",white,square,BG-Twist off,,⬇ 10824,,
366,008081-214,370 ml,250 grs,Glass,"74,00 mm","116,00 mm",glass-white,cylindrical,Twist Off TO 70 Tall,34,,,
367,008081-450,370 ml,250 grs,Glass,"82,00 mm","137,00 mm",white,cylindrical,BG-Twist off,,⬇ 11644,,
368,008082-345,370 ml,260 grs,Glass,"80,00 mm","123,00 mm",glass-white,cylindrical,Weck 80 mm,,,,
369,007071-976,370 ml,320 grs,Glass,"68,00 mm","171,00 mm",glass-white,cylindrical,Twist Off TO 63,,,,
370,008082-65,370 ml,320 grs,Glass,"68,00 mm","171,00 mm",glass-white,cylindrical,Twist Off TO 63,21,,,
371,008082-373,370 ml,388 grs,Glass,"100,00 mm","69,00 mm",glass-white,cylindrical,Weck 100 mm,,,,
372,008081-550,370 ml,410 grs,Glass,"78,70 mm","114,20 mm",white,cylindrical,BG-Swing Top,,⬇ 156,,
373,008082-23,377 ml,240 grs,Glass,"79,50 mm","121,90 mm",glass-white,square,Twist Off TO 66,30,,,
374,008082-49,380 ml,205 grs,Glass,"75,00 mm","116,30 mm",glass-white,cylindrical,Twist Off TO 66,34,,,
375,10158,380 ml,295 grs,Glass,"99,00 mm","82,00 mm",glass-white,hexagonal,Twist Off TO 82,,,,
376,008081-631,380 ml,300 grs,Glass,"77,50 mm","103,50 mm",white,square,BG-Twist off,,⬇ 7200,,
377,004046-37,385 ml,27 grs,Plastic,,"104,00 mm",plastic-transparent,square,TO-063-PET,,,68 mm,68 mm
378,008081-365,385 ml,218 grs,,"81,60 mm","111,42 mm",glass-white,cylindrical,Twist Off TO 82,,,,
379,008082-51,385 ml,230 grs,Glass,"82,50 mm","105,50 mm",glass-white,cylindrical,Twist Off TO 66,28,,,
380,008081-520,388 ml,210 grs,Glass,"83,20 mm","92,40 mm",white,cylindrical,BG-Twist off,,⬇ 9224,,
381,008082-270,390 ml,165 grs,Glass,"79,70 mm","102,00 mm",white,cylindrical,BG-Twist off,,⬇ 11234,,
382,10524,390 ml,180 grs,Glass,"80,00 mm","102,00 mm",glass-white,cylindrical,Twist Off TO 70 Tall,,,,
383,008081-573,390 ml,200 grs,Glass,"69,30 mm","130,20 mm",white,cylindrical,Twist Off 66 Deep,,⬇ 23983,,
384,008081-622,390 ml,205 grs,Glass,"73,20 mm","117,60 mm",white,cylindrical,BG-Twist off,,⬇ 15118,,
385,008081-620,390 ml,220 grs,Glass,"73,30 mm","114,00 mm",white,octogonal,BG-Twist off,,⬇ 23654,,
386,008081-216,390 ml,230 grs,Glass,"90,00 mm","99,00 mm",glass-white,hexagonal,Twist Off TO 70,,,,
387,008081-559,390 ml,240 grs,Glass,"79,20 mm","69,70 mm",white,hexagonal,BG-Twist off,,⬇ 178,,
388,32075,395 ml,220 grs,Glass,"89,30 mm","106,50 mm",white,cylindrical,BG-Twist off,,⬇32075P2,,
389,POCP0400CT18XXPP,400 ml,35 grs,Plastic,"71,30 mm","119,00 mm",plastic-transparent,,,,,,
390,POCP0400CB12XXNO,400 ml,38 grs,Plastic,"72,69 mm","130,00 mm",plastic-white,,,,,,
391,008081-421,400 ml,309 grs,Glass,"85,00 mm","120,00 mm",glass-white,cylindrical,,,,,
392,008081-552,400 ml,365 grs,Glass,"94,60 mm","95,00 mm",white,cylindrical,BG-Swing Top,,⬇ 9133,,
393,008081-410,410 ml,180 grs,Glass,"84,00 mm","95,00 mm",glass-white,cylindrical,Twist Off TO 82 Alta,,,,
394,008081-614,410 ml,220 grs,Glass,"85,40 mm","94,50 mm",white,cylindrical,BG-Twist off,,⬇ 15284,,
395,008081-236,415 ml,239 grs,Glass,"103,50 mm","73,70 mm",glass-white,cylindrical,Le Parfait - Finish Wiss 100 mm,,,,
396,008081-294,415 ml,250 grs,Glass,"84,00 mm","74,00 mm",glass-white,cylindrical,Le Parfait - Finish Wiss 100 mm,24,,,
397,00138-672,415 ml,290 grs,Glass,"770,00 mm","136,00 mm",glass-blue,cylindrical,,,,,
398,008081-512,425 ml,203 grs,Glass,"86,00 mm","96,50 mm",white,cylindrical,BG-Twist off,,⬇ 19572,,
399,008082-395,425 ml,212 grs,Glass,"86,00 mm","96,00 mm",glass-white,cylindrical,Twist Off TO 82,,,,
400,008082-1608,425 ml,248 grs,Glass,"100,00 mm","86,00 mm",glass-white,cylindrical,BG-Screw,,,,
401,37894,425 ml,335 grs,Glass,"100,00 / 88,00 mm","84,00 mm",glass-white,cylindrical,Le parfait Bistrot 86,,⬇ 37894,,
402,30765,430 ml,205 grs,Glass,"74,00 mm","125,00 mm",glass-white,cylindrical,Twist Off TO 66,,,,
403,008081-482,435 ml,225 grs,Glass,"82,00 mm","114,50 mm",white,cylindrical,BG-Twist off,,⬇ 13642,,
404,008081-231,435 ml,425 grs,Glass,"98,50 mm","98,10 mm",glass-white,cylindrical,Le Parfait - Finish Latex 85 mm,,,,
405,008081-262,440 ml,230 grs,Glass,"81,00 mm","117,00 mm",glass-white,cylindrical,Twist Off TO 82,26,,,
406,008081-489,440 ml,240 grs,Glass,"81,80 mm","117,00 mm",white,cylindrical,BG-Twist off,,⬇ 29908,,
407,008081-545,440 ml,250 grs,Glass,"90,70 mm","84,50 mm",white,cylindrical,BG-Swing Top,,⬇ 19922,,
408,008082-68,445 ml,248 grs,Glass,"81,60 mm","113,00 mm",glass-white,cylindrical,Twist Off TO 77,28,,,
409,008081-501,446 ml,195 grs,Glass,"82,50 mm","102,50 mm",white,cylindrical,BG-Twist off,,⬇ 61,,
410,POCP0450CT19XXPP,450 ml,36 grs,Plastic,"104,00 mm","72,50 mm",plastic-transparent,,,,,,
411,008081-580,460 ml,230 grs,Glass,"86,00 mm","107,50 mm",white,cylindrical,BG-Twist off,,⬇ 22695,,
412,10402,467 ml,235 grs,Glass,"66,00 mm","168,00 mm",glass-white,cylindrical,Twist Off TO 63,,,,
413,008082-59,467 ml,240 grs,Glass,"67,00 mm","170,00 mm",glass-white,cylindrical,Twist Off TO 63,21,,,
414,008082-1599,470 ml,243 grs,Glass,"85,00 mm","132,00 mm",glass-white,cylindrical,Twist Off TO 66 Tall,,,,
415,008081-526,475 ml,285 grs,Glass,"99,20 mm","81,20 mm",white,cylindrical,BG-Twist off,,⬇ 11732,,
416,008082-109,480 ml,250 grs,Glass,"76,50 mm","145,50 mm",glass-white,cylindrical,Twist Off TO 66,16,,,
417,POCP0500CT14XXPP,500 ml,29 grs,Plastic,"79,00 mm","137,00 mm",plastic-transparent,,,,,,
418,004041-130,500 ml,32 grs,Plastic,"62,00 mm","199,70 mm",plastic-transparent,cylindrical,Thread 24/410,,,,
419,POCP0500CA11XXPP,500 ml,33 grs,Plastic,"78,00 mm","139,00 mm",plastic-topaz,,,,,,
420,POCH0500CB11XXLO,500 ml,34 grs,Plastic,"95,00 mm","103,00 mm",plastic-white,,,,,,
421,POCH0500CB11XXBP,500 ml,36 grs,Plastic,"101,00 mm","100,00 mm",plastic-white,,,,,,
422,POCL0500CB11XXPR,500 ml,36 grs,Plastic,,"105,30 mm",plastic-white,,,,,,
423,POCH0500CB11XXBH,500 ml,39 grs,Plastic,"100,00 mm","93,50 mm",plastic-white,,,,,,
424,PA BA 1050BL A00,500 ml,43 grs,Plastic,"100,00 mm","87,00 mm",plastic-white,cylindrical,,,⬇ PA BA 1050BL A00,,
425,PA BA 1050BL B00,500 ml,45 grs,Plastic,"103,00 mm","87,00 mm",plastic-white,cylindrical,,,⬇ PA BA 1050BL B00,,
426,POCP0500CT17XXPP,500 ml,46 grs,Plastic,"93,00 mm","103,40 mm",plastic-transparent,,,,,,
427,POCH0500CN13XXML,500 ml,48 grs,Plastic,"80,00 mm","130,00 mm",plastic-white,,,,,,
428,POCH1500CB11XXBP,500 ml,81 grs,Plastic,"119,00 mm","184,00 mm",plastic-white,,,,,,
429,POCP7500CC1BXXPI,500 ml,240 grs,Plastic,"125,00 mm","281,00 mm",plastic-blue,,,,,,
430,10547,500 ml,260 grs,Glass,"74,00 mm","151,00 mm",glass-white,cylindrical,Twist Off TO 70 Tall,,,,
431,008081-525,500 ml,270 grs,Glass,"70,20 mm","164,00 mm",white,cylindrical,BG-Twist off,,⬇ 26413,,
432,10137,500 ml,280 grs,Glass,"75,00 mm","140,00 mm",glass-white,square,Twist Off TO 70 Tall,,,,
433,008081-359,500 ml,530 grs,Glass,"106,00 mm","98,00 mm",glass-white,square,,,,,
434,10578,520 ml,250 grs,Glass,"78,00 mm","147,00 mm",glass-white,cylindrical,Twist Off TO 66,,,,
435,008081-497,520 ml,280 grs,Glass,"75,70 mm","140,50 mm",white,square,Twist Off TO 70 Tall,,⬇ 28677,,
436,002022-941,530 ml,398 grs,Glass,"60,00 mm","184,00 mm",glass-white,cylindrical,Weck 60 mm,,,,
437,008081-237,539 ml,295 grs,Glass,"103,50 mm","93,80 mm",glass-white,cylindrical,Le Parfait - Finish Wiss 100 mm,,,,
438,008082-367,545 ml,426 grs,Glass,"108,00 mm","113,00 mm",glass-white,square,Weck 100 mm,,,,
439,POCH0560CB16XXNO,560 ml,38 grs,Plastic,"93,73 mm","100,33 mm",plastic-white,,,,,,
440,008082-353,560 ml,380 grs,Glass,"80,00 mm","88,00 mm",glass-white,cylindrical,Weck 80 mm,,,,
441,10152,580 ml,225 grs,Glass,"10.152,00 mm","127,00 mm",glass-white,cylindrical,Twist Off TO 66,,,,
442,008082-104,580 ml,240 grs,Glass,"80,60 mm","141,50 mm",glass-white,cylindrical,Twist Off TO 77,14,,,
443,008081-506,580 ml,245 grs,Glass,"82,50 mm","143,00 mm",white,cylindrical,BG-Twist off,,⬇ 65,,
444,008081-561,580 ml,250 grs,Glass,"87,00 mm","114,70 mm",white,hexagonal,BG-Twist off,,⬇ 11180,,
445,008081-598,580 ml,250 grs,Glass,"89,40 mm","121,20 mm",white,cylindrical,BG-Twist off,,⬇ 10145,,
446,008082-75,580 ml,260 grs,Glass,"76,00 mm","169,50 mm",glass-white,cylindrical,Twist Off TO 63,16,,,
447,008081-615,580 ml,260 grs,Glass,"85,20 mm","127,40 mm",white,cylindrical,BG-Twist off,,⬇ 15432,,
448,008081-535,580 ml,270 grs,Glass,"95,00 mm","110,70 mm",white,cylindrical,BG-Twist off,,⬇ 9418,,
449,008081-300,580 ml,270 grs,Glass,"103,00 mm","109,00 mm",glass-white,cylindrical,Twist Off TO 82,16,,,
450,30247,580 ml,280 grs,Glass,"101,00 mm","107,00 mm",glass-white,complex,Twist Off TO 82,,,,
451,37895,580 ml,318 grs,Glass,"100,00 / 88,20 mm","114,00 mm",glass-white,cylindrical,Le parfait Bistrot 86,,⬇ 37895,,
452,008081-2,580 ml,330 grs,Glass,"101,00 / 64,50 mm","141,50 mm",glass-white,conical,Twist Off TO 70,9,,,
453,008081-538,580 ml,330 grs,Glass,"73,20 mm","188,30 mm",white,cylindrical,Twist Off TO 70 Tall,,⬇ 12881,,
454,10183,580 ml,335 grs,Glass,"89,00 mm","111,00 mm",glass-white,square,Twist Off TO 82,,,,
455,008082-45,580 ml,345 grs,Glass,"81,00 mm","171,85 mm",glass-white,cylindrical,Twist Off TO 77,14,,,
456,008081-449,580 ml,350 grs,Glass,"100,70 mm","153,00 mm",white,cylindrical,BG-Twist off,,⬇ 10831,,
457,008081-533,580 ml,350 grs,Glass,"92,70 mm","114,10 mm",white,square,BG-Twist off,,⬇ 16418,,
458,008081-571,580 ml,400 grs,Glass,"69,80 mm","165,00 mm",white,square,BG-Twist off,,⬇ 17537,,
459,008081-582,580 ml,400 grs,Glass,"98,40 mm","124,00 mm",extrawhite,oval,BG-Twist off,,⬇ 14491,,
460,008081-584,580 ml,400 grs,Glass,"116,30 mm","121,50 mm",white,oval,BG-Twist off,,⬇ 14451,,
461,008081-634,580 ml,400 grs,Glass,"90,00 mm","111,20 mm",white,square,BG-Twist off,,⬇ 7227,,
462,008081-640,580 ml,400 grs,Glass,"84,80 mm","120,00 mm",white,square,BG-Twist off,,⬇ 13856,,
463,008082-370,580 ml,456 grs,Glass,"100,00 mm","85,00 mm",glass-white,cylindrical,Weck 100 mm,,,,
464,008082-372,580 ml,488 grs,Glass,"100,00 mm","107,00 mm",glass-white,cylindrical,Weck 100 mm,,,,
465,008082-1644,580 ml,500 grs,Glass,"72,00 mm","170,00 mm",glass-white,cylindrical,Twist Off TO 70 Tall,,,,
466,POCP0600CT19XXPP,600 ml,39 grs,Plastic,"104,00 mm","96,50 mm",plastic-transparent,,,,,,
467,008082-60,600 ml,318 grs,Glass,"73,40 mm","182,00 mm",glass-white,cylindrical,Twist Off TO 63,17,,,
468,008082-351,600 ml,370 grs,Glass,"60,00 mm","210,00 mm",glass-white,cylindrical,Weck 60 mm,,,,
469,008081-232,625 ml,571 grs,Glass,"113,50 mm","107,10 mm",glass-white,cylindrical,Le Parfait - Finish Latex 100 mm,,,,
470,008081-222,635 ml,451 grs,Glass,"108,00 mm","109,10 mm",glass-white,cylindrical,Le Parfait - Finish Latex 85 mm,,,,
471,008081-627,640 ml,280 grs,Glass,"124,00 mm","81,10 mm",white,cylindrical,BG-Twist off,,⬇ 23558,,
472,008081-347,640 ml,297 grs,Glass,"124,00 mm","81,00 mm",glass-white,cylindrical,Twist Off TO 100,,,,
473,008081-672,650 ml,371 grs,Glass,"82,00 mm","161,00 mm",glass-white,cylindrical,,,,,
474,008082-1572,660 ml,313 grs,Glass,"138,00 mm","86,00 mm",glass-white,cylindrical,BG-Screw,,,,
475,POCL0700CB11XXPR,700 ml,46 grs,Plastic,,"136,00 mm",plastic-white,,,,,,
476,008082-360,700 ml,390 grs,Glass,"88,00 mm","205,00 mm",glass-white,cylindrical,Weck 80 mm,,,,
477,008082-334,720 ml,230 grs,Glass,"85,00 mm","156,00 mm",glass-white,cylindrical,Twist Off TO 82 Alta,,,,
478,008082-15,720 ml,270 grs,Glass,"80,60 mm","172,00 mm",glass-white,cylindrical,Twist Off TO 77,14,,,
479,008081-517,720 ml,285 grs,Glass,"81,10 mm","172,00 mm",white,cylindrical,BG-Twist off,,⬇ 20988,,
480,008082-55,720 ml,290 grs,Glass,"86,80 mm","151,50 mm",glass-white,cylindrical,Twist Off TO 82,12,,,
481,008082-205,720 ml,290 grs,Glass,"97,90 mm","125,80 mm",glass-white,cylindrical,Twist Off TO 82,18,,,
482,008081-504,720 ml,290 grs,Glass,"87,50 mm","149,20 mm",white,cylindrical,BG-Twist off,,⬇ 18054,,
483,10507,720 ml,300 grs,Glass,"81,00 mm","172,00 mm",glass-white,cylindrical,Twist Off TO 77,,,,
484,008081-301,720 ml,310 grs,Glass,"107,30 / 58,80 mm","126,20 mm",glass-white,cylindrical,Twist Off TO 82,16,,,
485,008082-235,720 ml,325 grs,Glass,"88,90 mm","162,20 mm",glass-white,cylindrical,Twist Off TO 77,11,,,
486,10619,720 ml,335 grs,Glass,"86,00 mm","154,00 mm",glass-white,cylindrical,Twist Off TO 82 Alta,,,,
487,10321,720 ml,340 grs,Glass,"108,00 mm","158,00 mm",glass-white,square,Twist Off TO 70 Tall,,,,
488,30699,720 ml,340 grs,Glass,"85,00 mm","145,00 mm",glass-white,square,Twist Off TO 82 Alta,,,,
489,008081-494,720 ml,340 grs,Glass,"82,90 mm","158,00 mm",white,square,Twist Off TO 70 Tall,,⬇ 27019,,
490,008081-618,720 ml,340 grs,Glass,"85,40 mm","154,80 mm",white,cylindrical,BG-Twist off,,⬇ 22490,,
491,008081-531,720 ml,355 grs,Glass,"85,90 mm","149,00 mm",white,square,BG-Twist off,,⬇ 26713,,
492,008082-1725,720 ml,360 grs,Glass,"100,00 mm","144,00 mm",glass-white,hexagonal,Twist Off TO 82,,,,
493,008081-68,720 ml,360 grs,Glass,"87,00 mm","143,00 mm",glass-white,hexagonal,Twist Off TO 82,,⬇ 11283,,
494,008082-26,720 ml,365 grs,Glass,"108,00 mm","130,50 mm",glass-white,oval,Twist Off TO 82,16,,,
495,008082-46,746 ml,320 grs,Glass,"98,40 mm","135,00 mm",glass-white,cylindrical,Twist Off TO 77,18,,,
496,008082-412,746 ml,320 grs,Glass,"96,00 mm","134,90 mm",glass-white,cylindrical,Twist Off TO 82,18,,,
497,POCP0750CT11XXNO,750 ml,46 grs,Plastic,"87,88 mm","162,80 mm",plastic-transparent,,,,,,
498,POCP0750CB12XXPH,750 ml,53 grs,Plastic,"93,00 mm","137,50 mm",plastic-white,,,,,,
499,008082-5,750 ml,292 grs,Glass,"90,70 mm","144,10 mm",glass-white,cylindrical,Twist Off TO 82,11,,,
500,008081-592,770 ml,315 grs,Glass,"88,50 mm","155,70 mm",white,cylindrical,BG-Twist off,,⬇ 15627,,
501,008082-401,770 ml,360 grs,Glass,"100,00 mm","144,00 mm",glass-white,hexagonal,Twist Off TO 82,,,,
502,008081-555,770 ml,360 grs,Glass,"89,40 mm","143,50 mm",white,hexagonal,BG-Twist off,,⬇ 7927,,
503,008081-619,770 ml,365 grs,Glass,"86,50 mm","161,50 mm",white,cylindrical,BG-Twist off,,⬇ 24865,,
504,008082-355,795 ml,506 grs,Glass,"107,00 mm","162,00 mm",glass-white,square,Weck 100 mm,,,,
505,POCH0800CB17XXNO,800 ml,36 grs,Plastic,"99,00 mm","137,00 mm",plastic-white,,,,,,
506,008081-363,800 ml,560 grs,Glass,"106,00 mm","145,00 mm",glass-white,cylindrical,,,,,
507,008081-238,825 ml,400 grs,Glass,"103,50 mm","142,80 mm",glass-white,cylindrical,Le Parfait - Finish Wiss 100 mm,,,,
508,POCH0850CB11XXBP,850 ml,48 grs,Plastic,"101,00 mm","144,00 mm",plastic-white,,,,,,
509,008081-505,850 ml,340 grs,Glass,"90,50 mm","163,20 mm",white,cylindrical,BG-Twist off,,⬇ 19286,,
510,008082-396,850 ml,340 grs,Glass,"122,00 mm","108,00 mm",glass-white,cylindrical,Twist Off TO 100,,,,
511,008082-6,850 ml,345 grs,Glass,"90,80 mm","164,60 mm",glass-white,cylindrical,Twist Off TO 82,11,,,
512,008082-130,850 ml,350 grs,Glass,"99,00 mm","151,00 mm",glass-white,cylindrical,Twist Off TO 77,9,,,
513,008081-466,850 ml,350 grs,Glass,"99,00 mm","151,00 mm",white,cylindrical,BG-Twist off,,⬇ 27273,,
514,008081-630,850 ml,370 grs,Glass,"122,20 mm","107,60 mm",white,cylindrical,BG-Twist off,,⬇ 8684,,
515,008082-371,850 ml,580 grs,Glass,"100,00 mm","147,00 mm",glass-white,cylindrical,Weck 100 mm,,,,
516,008081-465,858 ml,415 grs,Glass,"91,40 mm","179,40 mm",white,cylindrical,BG-Twist off,,⬇ 16909,,
517,008081-527,870 ml,410 grs,Glass,"99,20 mm","141,50 mm",white,cylindrical,BG-Twist off,,⬇ 11966,,
518,008081-233,875 ml,666 grs,Glass,"113,50 mm","137,10 mm",glass-white,cylindrical,Le Parfait - Finish Latex 100 mm,,,,
519,008081-645,900 ml,350 grs,Glass,"94,50 mm","162,00 mm",white,cylindrical,BG-Twist off,,⬇ 26990,,
520,008081-223,900 ml,561 grs,Glass,"108,00 mm","145,60 mm",glass-white,cylindrical,Le Parfait - Finish Latex 85 mm,,,,
521,008082-40,935 ml,400 grs,Glass,"93,00 mm","177,50 mm",glass-white,cylindrical,Twist Off TO 77,10,,,
522,008081-515,935 ml,410 grs,Glass,"93,00 mm","177,50 mm",white,cylindrical,BG-Twist off,,⬇ 25899,,
523,10534,991 ml,376 grs,Glass,"95,00 mm","179,00 mm",glass-white,cylindrical,Twist Off TO 70,,,,
524,008082-25,997 ml,385 grs,Glass,"105,60 mm","154,00 mm",glass-white,cylindrical,Twist Off TO 82,8,,,
525,POCH0001LN12XXBP,1000 ml,53 grs,Plastic,"101,00 mm","152,00 mm",plastic-white,,,,,,
526,POCP0001LB12XXAA,1000 ml,54 grs,Plastic,"106,00 mm","160,00 mm",plastic-white,,,,,,
527,POCP0001LT19XXPP,1000 ml,56 grs,Plastic,"110,50 mm","136,00 mm",plastic-transparent,,,,,,
528,POCY0001LT19XXPP,1000 ml,56 grs,Plastic,"110,50 mm","136,00 mm",plastic-transparent,,,,,,
529,POCH0001LB11XXBP,1000 ml,57 grs,Plastic,"101,00 mm","169,00 mm",plastic-white,,,,,,
530,POCL0001LB11XXPR,1000 ml,59 grs,Plastic,"111,60 mm","123,80 mm",plastic-white,,,,,,
531,PA BA 1100BL A00,1000 ml,65 grs,Plastic,"100,00 mm","143,00 mm",plastic-white,cylindrical,,,⬇ PA BA 1100BL A00,,
532,POCP1000CB1MXXNO,1000 ml,66 grs,Plastic,"112,00 mm","131,87 mm",plastic-white,,,,,,
533,PA BA 1100BL B00,1000 ml,71 grs,Plastic,"103,00 mm","143,00 mm",plastic-white,cylindrical,,,⬇ PA BA 1100BL B00,,
534,CT BA 1000 UN S00,1000 ml,100 grs,Plastic,"100,00 mm","157,00 mm",plastic-white,cylindrical,,,⬇ CT BA 1000 UN S00,,
535,008081-375,1000 ml,450 grs,Glass,"108,00 mm","165,60 mm",white,cylindrical,Le Parfait - Boca Rosca 100 mm,,,,
536,008082-1571,1000 ml,462 grs,Glass,"185,00 mm","86,00 mm",glass-white,cylindrical,BG-Screw,,,,
537,008082-1573,1000 ml,462 grs,Glass,"185,00 mm","86,00 mm",glass-white,cylindrical,BG-Screw,,,,
538,008082-1612,1000 ml,498 grs,Glass,"110,00 mm","155,00 mm",glass-white,square,Twist Off TO 82,,,,
539,008082-1707,1000 ml,536 grs,Glass,"115,00 mm","175,00 mm",glass-white,cylindrical,,,,,
540,002022-1539,1000 ml,839 grs,Glass,"70,00 mm","280,00 mm",glass-white,cylindrical,,,,,
541,008082-216,1018 ml,425 grs,Glass,"95,80 mm","187,50 mm",glass-white,cylindrical,Twist Off TO 82,9,,,
542,008081-239,1020 ml,510 grs,Glass,"103,50 mm","174,00 mm",glass-white,cylindrical,Le Parfait - Finish Wiss 100 mm,,,,
543,008082-350,1040 ml,630 grs,Glass,"80,00 mm","210,00 mm",glass-white,cylindrical,Weck 80 mm,,,,
544,008081-509,1062 ml,370 grs,Glass,"98,00 mm","176,00 mm",white,cylindrical,BG-Twist off,,⬇ 12391,,
545,008081-597,1062 ml,400 grs,Glass,"106,80 mm","160,00 mm",white,cylindrical,BG-Twist off,,⬇ 10103,,
546,008081-616,1062 ml,450 grs,Glass,"85,40 mm","222,40 mm",white,cylindrical,BG-Twist off,,⬇ 16905,,
547,008082-404,1062 ml,550 grs,Glass,"99,20 mm","176,30 mm",glass-white,cylindrical,Twist Off TO 100,,,,
548,002022-940,1062 ml,580 grs,Glass,"60,00 mm","250,00 mm",glass-white,cylindrical,Weck 60 mm,,,,
549,008082-366,1062 ml,592 grs,Glass,"145,00 mm","105,00 mm",glass-white,cylindrical,Weck 100 mm,,,,
550,008082-369,1062 ml,640 grs,Glass,"100,00 mm","147,00 mm",glass-white,cylindrical,Weck 100 mm,,,,
551,008081-639,1062 ml,740 grs,Glass,"104,60 mm","145,50 mm",white,square,BG-Twist off,,⬇ 11365,,
552,008081-234,1115 ml,766 grs,Glass,"113,50 mm","171,60 mm",glass-white,cylindrical,Le Parfait - Finish Latex 100 mm,,,,
553,008081-551,1140 ml,620 grs,Glass,"108,00 mm","178,40 mm",white,cylindrical,BG-Swing Top,,⬇ 9086,,
554,008082-1586,1140 ml,645 grs,Glass,"108,00 mm","183,00 mm",glass-white,cylindrical,,,,,
555,008081-224,1160 ml,626 grs,Glass,"108,00 mm","176,10 mm",glass-white,,Le Parfait - Finish Latex 85 mm,,,,
556,008081-240,1282 ml,555 grs,Glass,"116,00 mm","170,00 mm",glass-white,cylindrical,Le Parfait - Finish Wiss 110 mm,,,,
557,POCP1500CB1MXXPI,1500 ml,76 grs,Plastic,"120,00 mm","163,10 mm",plastic-white,,,,,,
558,PA BA 1150BL A00,1500 ml,88 grs,Plastic,"100,00 mm","195,00 mm",plastic-white,cylindrical,,,⬇ PA BA 1150BL A00,,
559,CT BA 1500 UN S00,1500 ml,154 grs,Plastic,"119,00 mm","161,00 mm",plastic-white,cylindrical,,,⬇ CT BA 1500 UN S00,,
560,10143,1500 ml,580 grs,Glass,"120,00 mm","177,00 mm",glass-white,cylindrical,Twist Off TO 82,,,,
561,10484,1500 ml,650 grs,Glass,"108,00 mm","196,00 mm",glass-white,square,Twist Off TO 82 Alta,,,,
562,008081-360,1500 ml,760 grs,Glass,"120,00 mm","184,90 mm",glass-white,square,,,,,
563,008081-225,1555 ml,741 grs,Glass,"108,00 mm","225,70 mm",glass-white,cylindrical,Le Parfait - Finish Latex 85 mm,,,,
564,008082-349,1590 ml,633 grs,Glass,"100,00 mm","210,00 mm",glass-white,cylindrical,Weck 100 mm,,,,
565,008081-241,1610 ml,715 grs,Glass,"116,00 mm","213,10 mm",glass-white,cylindrical,Le Parfait - Finish Wiss 110 mm,,,,
566,008082-1560,1700 ml,600 grs,Glass,"102,00 mm","200,00 mm",glass-white,hexagonal,Twist Off TO 100,,,,
567,10175,1700 ml,600 grs,Glass,"134,00 mm","175,00 mm",glass-white,cylindrical,Twist Off TO 82,,,,
568,008081-303,1700 ml,635 grs,Glass,"146,70 / 88,00 mm","154,50 mm",glass-white,cylindrical,Twist Off TO 110,4,,,
569,008081-4,1700 ml,650 grs,Glass,"135,00 mm","190,50 mm",glass-white,curved,Twist Off TO 100,5,,,
570,30763,1700 ml,650 grs,Glass,"148,00 mm","152,00 mm",glass-white,complex,Twist Off TO 110,,,,
571,10281,1700 ml,665 grs,Glass,"123,00 mm","197,00 mm",glass-white,hexagonal,Twist Off TO 100,,,,
572,008081-560,1700 ml,690 grs,Glass,"110,90 mm","197,30 mm",white,hexagonal,BG-Twist off,,⬇ 9165,,
573,008081-319,1700 ml,750 grs,Glass,"137,90 mm","193,90 mm",glass-white,rectangular,Twist Off TO 100,4,⬇ 18417,,
574,008081-448,1700 ml,750 grs,Glass,"141,00 mm","224,70 mm",white,cylindrical,BG-Twist off,,⬇ 6706,,
575,008081-513,1700 ml,750 grs,Glass,"118,60 mm","193,50 mm",white,cylindrical,BG-Twist off,,⬇ 21139,,
576,008082-376,1750 ml,901 grs,Glass,"120,00 mm","193,00 mm",glass-white,cylindrical,Weck 100 mm,,,,
577,008082-39,1966 ml,700 grs,Glass,"122,70 mm","206,00 mm",glass-white,cylindrical,Twist Off TO 110,5,,,
578,008081-514,1966 ml,700 grs,Glass,"122,70 mm","206,00 mm",white,cylindrical,BG-Twist off,,⬇ 25898,,
579,POCH0002LN12XXBP,2000 ml,89 grs,Plastic,"118,00 mm","226,00 mm",plastic-white,,,,,,
580,POCH0002LB11XXBP,2000 ml,95 grs,Plastic,"119,00 mm","230,00 mm",plastic-white,,,,,,
581,PA BA 2200BL A00,2000 ml,106 grs,Plastic,"200,00 mm","220,00 mm",plastic-white,cylindrical,,,⬇ PA BA 2200BL A00,,
582,008081-376,2000 ml,771 grs,Glass,"123,00 mm","239,00 mm",white,cylindrical,Le Parfait - Boca Rosca 100 mm,,,,
583,008081-226,2175 ml,886 grs,Glass,"122,30 mm","251,60 mm",glass-white,cylindrical,Le Parfait - Finish Latex 85 mm,,,,
584,00138-706,2200 ml,650 grs,Glass,"180,00 mm","175,00 mm",glass-white,complex,,,,,
585,008082-82,2650 ml,950 grs,Glass,"159,00 mm","218,50 mm",glass-white,oval,Twist Off TO 89,3,,,
586,008082-375,2700 ml,110 grs,Glass,"100,00 mm","242,00 mm",glass-white,cylindrical,Weck 100 mm,,,,
587,POCP0003LB1MXXNO,3000 ml,110 grs,Plastic,"125,00 mm","220,70 mm",plastic-white,,,,,,
588,008081-377,3000 ml,1208 grs,Glass,"138,00 mm","270,00 mm",white,cylindrical,Le Parfait - Boca Rosca 110 mm,,,,
589,008081-508,3100 ml,1050 grs,Glass,"137,70 mm","257,00 mm",white,cylindrical,BG-Twist off,,⬇ 10652,,
590,008081-503,3100 ml,1100 grs,Glass,"138,50 mm","257,00 mm",white,cylindrical,BG-Twist off,,⬇ 21138,,
591,008081-570,3100 ml,1300 grs,Glass,"124,50 mm","256,50 mm",white,square,BG-Twist off,,⬇ 18762,,
592,008081-227,3200 ml,1401 grs,Glass,"138,00 mm","284,00 mm",glass-white,cylindrical,Le Parfait - Finish Latex 100 mm,,,,
593,10391,3895 ml,1200 grs,Glass,"155,00 mm","256,00 mm",glass-white,cylindrical,Twist Off TO 110,,,,
594,008082-38,3895 ml,1390 grs,Glass,"159,00 mm","254,50 mm",glass-white,cylindrical,Twist Off TO 110,3,,,
595,008081-516,3895 ml,1390 grs,Glass,"159,00 mm","254,50 mm",white,cylindrical,BG-Twist off,,⬇ 25900,,
596,POCP0004LC1MXXNO,4000 ml,146 grs,Plastic,"125,00 mm","257,60 mm",plastic-blue,,,,,,
597,008081-364,4000 ml,1250 grs,Glass,"159,00 mm",,glass-white,cylindrical,,,,,
598,008081-12,4250 ml,1800 grs,Glass,"193,00 mm","300,00 mm",glass-white,curved,Twist Off TO 110,0,,,
599,008081-361,5000 ml,1250 grs,Glass,"175,00 mm","263,00 mm",glass-white,cylindrical,,,,,
600,POCP0006LB1MXXNO,6000 ml,240 grs,Plastic,"182,00 mm","283,00 mm",plastic-white,,,,,,
601,FR SP 1800 P UN A00,18000 ml,830 grs,Plastic,"336,00 mm","288,00 mm",plastic-white,,,,⬇ FR SP 1800 P UN A00<,,
